"X","instant","dteday","season","weathersit","temp","casual","registered","total_user"
54,54,"2011-02-23",1,1,9.1,139,1778,1917
55,55,"2011-02-24",1,2,12.1,100,1707,1807
56,56,"2011-02-25",1,2,14.9,120,1341,1461
57,57,"2011-02-26",1,1,11.6,424,1545,1969
58,58,"2011-02-27",1,1,14.1,694,1708,2402
59,59,"2011-02-28",1,2,16.7,81,1365,1446
60,60,"2011-03-01",1,1,10.9,137,1714,1851
61,61,"2011-03-02",1,1,13.7,231,1903,2134
62,62,"2011-03-03",1,1,8.1,123,1562,1685
63,63,"2011-03-04",1,2,10.7,214,1730,1944
64,64,"2011-03-05",1,2,15.8,640,1437,2077
65,65,"2011-03-06",1,2,15.4,114,491,605
66,66,"2011-03-07",1,1,10.7,244,1628,1872
67,67,"2011-03-08",1,1,12,316,1817,2133
68,68,"2011-03-09",1,2,12.1,191,1700,1891
69,69,"2011-03-10",1,3,16,46,577,623
70,70,"2011-03-11",1,2,13,247,1730,1977
71,71,"2011-03-12",1,1,13.5,724,1408,2132
72,72,"2011-03-13",1,1,15.8,982,1435,2417
73,73,"2011-03-14",1,1,13.3,359,1687,2046
74,74,"2011-03-15",1,2,13,289,1767,2056
75,75,"2011-03-16",1,2,15,321,1871,2192
76,76,"2011-03-17",1,1,17,424,2320,2744
77,77,"2011-03-18",1,1,22.1,884,2355,3239
78,78,"2011-03-19",1,1,19.4,1424,1693,3117
79,79,"2011-03-20",1,1,13.6,1047,1424,2471
80,80,"2011-03-21",2,2,17.6,401,1676,2077
81,81,"2011-03-22",2,1,18.1,460,2243,2703
82,82,"2011-03-23",2,2,14.2,203,1918,2121
83,83,"2011-03-24",2,2,11.7,166,1699,1865
84,84,"2011-03-25",2,1,10.8,300,1910,2210
85,85,"2011-03-26",2,1,10.9,981,1515,2496
86,86,"2011-03-27",2,2,10.4,472,1221,1693
87,87,"2011-03-28",2,1,10.8,222,1806,2028
88,88,"2011-03-29",2,1,12.4,317,2108,2425
89,89,"2011-03-30",2,2,12.3,168,1368,1536
90,90,"2011-03-31",2,3,11,179,1506,1685
91,91,"2011-04-01",2,2,12.3,307,1920,2227
92,92,"2011-04-02",2,2,12.9,898,1354,2252
93,93,"2011-04-03",2,1,15.5,1651,1598,3249
94,94,"2011-04-04",2,1,23.5,734,2381,3115
95,95,"2011-04-05",2,2,17,167,1628,1795
96,96,"2011-04-06",2,1,16,413,2395,2808
97,97,"2011-04-07",2,1,17.9,571,2570,3141
98,98,"2011-04-08",2,2,13.8,172,1299,1471
99,99,"2011-04-09",2,2,14,879,1576,2455
100,100,"2011-04-10",2,2,17.5,1188,1707,2895
101,101,"2011-04-11",2,2,24.4,855,2493,3348
102,102,"2011-04-12",2,2,20.6,257,1777,2034
103,103,"2011-04-13",2,2,16.9,209,1953,2162
104,104,"2011-04-14",2,1,19.2,529,2738,3267
105,105,"2011-04-15",2,1,18.3,642,2484,3126
106,106,"2011-04-16",2,3,17.7,121,674,795
107,107,"2011-04-17",2,1,18.7,1558,2186,3744
108,108,"2011-04-18",2,1,21,669,2760,3429
109,109,"2011-04-19",2,2,20.7,409,2795,3204
110,110,"2011-04-20",2,1,24.4,613,3331,3944
111,111,"2011-04-21",2,1,18.8,745,3444,4189
112,112,"2011-04-22",2,2,13.8,177,1506,1683
113,113,"2011-04-23",2,2,18.9,1462,2574,4036
114,114,"2011-04-24",2,2,23.8,1710,2481,4191
115,115,"2011-04-25",2,1,24.9,773,3300,4073
116,116,"2011-04-26",2,1,25.9,678,3722,4400
117,117,"2011-04-27",2,2,25.4,547,3325,3872
118,118,"2011-04-28",2,2,25.3,569,3489,4058
119,119,"2011-04-29",2,1,20.9,878,3717,4595
120,120,"2011-04-30",2,1,19.4,1965,3347,5312
121,121,"2011-05-01",2,2,18.5,1138,2213,3351
122,122,"2011-05-02",2,2,22.5,847,3554,4401
123,123,"2011-05-03",2,2,25.3,603,3848,4451
124,124,"2011-05-04",2,2,17,255,2378,2633
125,125,"2011-05-05",2,1,18.8,614,3819,4433
126,126,"2011-05-06",2,1,19.6,894,3714,4608
127,127,"2011-05-07",2,1,21.3,1612,3102,4714
128,128,"2011-05-08",2,1,21.7,1401,2932,4333
129,129,"2011-05-09",2,1,21.8,664,3698,4362
130,130,"2011-05-10",2,1,21.8,694,4109,4803
131,131,"2011-05-11",2,1,22.2,550,3632,4182
132,132,"2011-05-12",2,1,21.9,695,4169,4864
133,133,"2011-05-13",2,2,21,692,3413,4105
134,134,"2011-05-14",2,2,21.4,902,2507,3409
135,135,"2011-05-15",2,2,23.1,1582,2971,4553
136,136,"2011-05-16",2,1,23.7,773,3185,3958
137,137,"2011-05-17",2,2,23,678,3445,4123
138,138,"2011-05-18",2,2,22.6,536,3319,3855
139,139,"2011-05-19",2,2,21.8,735,3840,4575
140,140,"2011-05-20",2,1,22,909,4008,4917
141,141,"2011-05-21",2,1,24.7,2258,3547,5805
142,142,"2011-05-22",2,1,24.8,1576,3084,4660
143,143,"2011-05-23",2,2,25.9,836,3438,4274
144,144,"2011-05-24",2,2,27.1,659,3833,4492
145,145,"2011-05-25",2,1,27.1,740,4238,4978
146,146,"2011-05-26",2,1,29,758,3919,4677
147,147,"2011-05-27",2,1,27.9,871,3808,4679
148,148,"2011-05-28",2,1,26.9,2001,2757,4758
149,149,"2011-05-29",2,1,27.4,2355,2433,4788
150,150,"2011-05-30",2,1,30.1,1549,2549,4098
151,151,"2011-05-31",2,1,31.8,673,3309,3982
152,152,"2011-06-01",2,2,31.3,513,3461,3974
153,153,"2011-06-02",2,1,29.3,736,4232,4968
154,154,"2011-06-03",2,1,25.4,898,4414,5312
155,155,"2011-06-04",2,1,26,1869,3473,5342
156,156,"2011-06-05",2,2,26.6,1685,3221,4906
157,157,"2011-06-06",2,1,27.8,673,3875,4548
158,158,"2011-06-07",2,1,29,763,4070,4833
159,159,"2011-06-08",2,1,31.8,676,3725,4401
160,160,"2011-06-09",2,2,33.1,563,3352,3915
161,161,"2011-06-10",2,1,31,815,3771,4586
162,162,"2011-06-11",2,1,29.7,1729,3237,4966
163,163,"2011-06-12",2,1,28.4,1467,2993,4460
164,164,"2011-06-13",2,1,26,863,4157,5020
165,165,"2011-06-14",2,1,24.8,727,4164,4891
166,166,"2011-06-15",2,1,25.7,769,4411,5180
167,167,"2011-06-16",2,2,25.8,545,3222,3767
168,168,"2011-06-17",2,1,26.6,863,3981,4844
169,169,"2011-06-18",2,1,28.6,1807,3312,5119
170,170,"2011-06-19",2,2,28.7,1639,3105,4744
171,171,"2011-06-20",2,2,26,699,3311,4010
172,172,"2011-06-21",3,2,27.9,774,4061,4835
173,173,"2011-06-22",3,1,30.1,661,3846,4507
174,174,"2011-06-23",3,2,29.9,746,4044,4790
175,175,"2011-06-24",3,1,29.7,969,4022,4991
176,176,"2011-06-25",3,1,28.5,1782,3420,5202
177,177,"2011-06-26",3,1,27.9,1920,3385,5305
178,178,"2011-06-27",3,2,28,854,3854,4708
179,179,"2011-06-28",3,1,30.5,732,3916,4648
180,180,"2011-06-29",3,1,29.9,848,4377,5225
181,181,"2011-06-30",3,1,28.6,1027,4488,5515
182,182,"2011-07-01",3,1,29.6,1246,4116,5362
183,183,"2011-07-02",3,1,30.3,2204,2915,5119
184,184,"2011-07-03",3,2,29.4,2282,2367,4649
185,185,"2011-07-04",3,2,29.8,3065,2978,6043
186,186,"2011-07-05",3,1,30.6,1031,3634,4665
187,187,"2011-07-06",3,1,29.5,784,3845,4629
188,188,"2011-07-07",3,1,30.8,754,3838,4592
189,189,"2011-07-08",3,2,29.1,692,3348,4040
190,190,"2011-07-09",3,1,30.1,1988,3348,5336
191,191,"2011-07-10",3,1,30.6,1743,3138,4881
192,192,"2011-07-11",3,1,31.3,723,3363,4086
193,193,"2011-07-12",3,1,32.6,662,3596,4258
194,194,"2011-07-13",3,1,30.6,748,3594,4342
195,195,"2011-07-14",3,1,27.9,888,4196,5084
196,196,"2011-07-15",3,1,27.2,1318,4220,5538
197,197,"2011-07-16",3,1,28.2,2418,3505,5923
198,198,"2011-07-17",3,1,29.5,2006,3296,5302
199,199,"2011-07-18",3,1,30.6,841,3617,4458
200,200,"2011-07-19",3,1,31.8,752,3789,4541
201,201,"2011-07-20",3,1,31.5,644,3688,4332
202,202,"2011-07-21",3,2,33.4,632,3152,3784
203,203,"2011-07-22",3,1,34.8,562,2825,3387
204,204,"2011-07-23",3,1,34.8,987,2298,3285
205,205,"2011-07-24",3,1,34,1050,2556,3606
206,206,"2011-07-25",3,1,30.5,568,3272,3840
207,207,"2011-07-26",3,1,31.6,750,3840,4590
208,208,"2011-07-27",3,1,31.8,755,3901,4656
209,209,"2011-07-28",3,1,31.9,606,3784,4390
210,210,"2011-07-29",3,1,34.4,670,3176,3846
211,211,"2011-07-30",3,1,33,1559,2916,4475
212,212,"2011-07-31",3,1,33,1524,2778,4302
213,213,"2011-08-01",3,1,31.6,729,3537,4266
214,214,"2011-08-02",3,1,32.1,801,4044,4845
215,215,"2011-08-03",3,2,30,467,3107,3574
216,216,"2011-08-04",3,2,29.1,799,3777,4576
217,217,"2011-08-05",3,1,29.1,1023,3843,4866
218,218,"2011-08-06",3,2,29.4,1521,2773,4294
219,219,"2011-08-07",3,1,30.4,1298,2487,3785
220,220,"2011-08-08",3,1,31.4,846,3480,4326
221,221,"2011-08-09",3,1,31.8,907,3695,4602
222,222,"2011-08-10",3,1,31.4,884,3896,4780
223,223,"2011-08-11",3,1,29.4,812,3980,4792
224,224,"2011-08-12",3,1,29,1051,3854,4905
225,225,"2011-08-13",3,2,28.1,1504,2646,4150
226,226,"2011-08-14",3,2,27.7,1338,2482,3820
227,227,"2011-08-15",3,1,27.3,775,3563,4338
228,228,"2011-08-16",3,1,28.7,721,4004,4725
229,229,"2011-08-17",3,1,29.7,668,4026,4694
230,230,"2011-08-18",3,1,29.2,639,3166,3805
231,231,"2011-08-19",3,2,28.1,797,3356,4153
232,232,"2011-08-20",3,1,28.6,1914,3277,5191
233,233,"2011-08-21",3,1,29.1,1249,2624,3873
234,234,"2011-08-22",3,1,28.4,833,3925,4758
235,235,"2011-08-23",3,1,26.3,1281,4614,5895
236,236,"2011-08-24",3,1,27.6,949,4181,5130
237,237,"2011-08-25",3,2,28.1,435,3107,3542
238,238,"2011-08-26",3,1,28.7,768,3893,4661
239,239,"2011-08-27",3,2,27.9,226,889,1115
240,240,"2011-08-28",3,1,29,1415,2919,4334
241,241,"2011-08-29",3,1,26.1,729,3905,4634
242,242,"2011-08-30",3,1,26.2,775,4429,5204
243,243,"2011-08-31",3,1,26.9,688,4370,5058
244,244,"2011-09-01",3,1,26.9,783,4332,5115
245,245,"2011-09-02",3,2,26.4,875,3852,4727
246,246,"2011-09-03",3,1,27.4,1935,2549,4484
247,247,"2011-09-04",3,1,29.1,2521,2419,4940
248,248,"2011-09-05",3,2,27.6,1236,2115,3351
249,249,"2011-09-06",3,3,22.1,204,2506,2710
250,250,"2011-09-07",3,3,24.6,118,1878,1996
251,251,"2011-09-08",3,3,26,153,1689,1842
252,252,"2011-09-09",3,2,26.7,417,3127,3544
253,253,"2011-09-10",3,1,27.1,1750,3595,5345
254,254,"2011-09-11",3,1,26.8,1633,3413,5046
255,255,"2011-09-12",3,1,26.4,690,4023,4713
256,256,"2011-09-13",3,1,26.7,701,4062,4763
257,257,"2011-09-14",3,1,27.6,647,4138,4785
258,258,"2011-09-15",3,2,23.7,428,3231,3659
259,259,"2011-09-16",3,2,19.2,742,4018,4760
260,260,"2011-09-17",3,2,20.2,1434,3077,4511
261,261,"2011-09-18",3,1,20.8,1353,2921,4274
262,262,"2011-09-19",3,2,22.5,691,3848,4539
263,263,"2011-09-20",3,2,23,438,3203,3641
264,264,"2011-09-21",3,2,24.4,539,3813,4352
265,265,"2011-09-22",3,2,25.8,555,4240,4795
266,266,"2011-09-23",4,2,25,258,2137,2395
267,267,"2011-09-24",4,2,24.9,1776,3647,5423
268,268,"2011-09-25",4,2,26,1544,3466,5010
269,269,"2011-09-26",4,2,26.6,684,3946,4630
270,270,"2011-09-27",4,2,26.1,477,3643,4120
271,271,"2011-09-28",4,2,26,480,3427,3907
272,272,"2011-09-29",4,1,25.3,653,4186,4839
273,273,"2011-09-30",4,1,23.1,830,4372,5202
274,274,"2011-10-01",4,2,16.8,480,1949,2429
275,275,"2011-10-02",4,2,14.6,616,2302,2918
276,276,"2011-10-03",4,2,15.8,330,3240,3570
277,277,"2011-10-04",4,1,19.9,486,3970,4456
278,278,"2011-10-05",4,1,22.1,559,4267,4826
279,279,"2011-10-06",4,1,20.3,639,4126,4765
280,280,"2011-10-07",4,1,20.9,949,4036,4985
281,281,"2011-10-08",4,1,21.4,2235,3174,5409
282,282,"2011-10-09",4,1,22.2,2397,3114,5511
283,283,"2011-10-10",4,1,23.4,1514,3603,5117
284,284,"2011-10-11",4,2,23.2,667,3896,4563
285,285,"2011-10-12",4,3,22.3,217,2199,2416
286,286,"2011-10-13",4,2,24.2,290,2623,2913
287,287,"2011-10-14",4,2,22.6,529,3115,3644
288,288,"2011-10-15",4,1,20.8,1899,3318,5217
289,289,"2011-10-16",4,1,21,1748,3293,5041
290,290,"2011-10-17",4,1,21.9,713,3857,4570
291,291,"2011-10-18",4,2,21.8,637,4111,4748
292,292,"2011-10-19",4,3,22.2,254,2170,2424
293,293,"2011-10-20",4,1,19.5,471,3724,4195
294,294,"2011-10-21",4,1,17.5,676,3628,4304
295,295,"2011-10-22",4,1,17.3,1499,2809,4308
296,296,"2011-10-23",4,1,17.3,1619,2762,4381
297,297,"2011-10-24",4,1,19,699,3488,4187
298,298,"2011-10-25",4,1,19.3,695,3992,4687
299,299,"2011-10-26",4,2,19.9,404,3490,3894
300,300,"2011-10-27",4,2,19.3,240,2419,2659
301,301,"2011-10-28",4,2,13.6,456,3291,3747
302,302,"2011-10-29",4,3,10.4,57,570,627
303,303,"2011-10-30",4,1,13.1,885,2446,3331
304,304,"2011-10-31",4,1,13.9,362,3307,3669
305,305,"2011-11-01",4,1,16.4,410,3658,4068
306,306,"2011-11-02",4,1,15.5,370,3816,4186
307,307,"2011-11-03",4,1,16.7,318,3656,3974
308,308,"2011-11-04",4,2,16.5,470,3576,4046
309,309,"2011-11-05",4,1,13.4,1156,2770,3926
310,310,"2011-11-06",4,1,14.3,952,2697,3649
311,311,"2011-11-07",4,1,16.2,373,3662,4035
312,312,"2011-11-08",4,1,16.7,376,3829,4205
313,313,"2011-11-09",4,1,16.4,305,3804,4109
314,314,"2011-11-10",4,2,15.6,190,2743,2933
315,315,"2011-11-11",4,1,13.3,440,2928,3368
316,316,"2011-11-12",4,1,14.6,1275,2792,4067
317,317,"2011-11-13",4,1,18.1,1004,2713,3717
318,318,"2011-11-14",4,1,21.7,595,3891,4486
319,319,"2011-11-15",4,2,21.7,449,3746,4195
320,320,"2011-11-16",4,3,18.7,145,1672,1817
321,321,"2011-11-17",4,2,14,139,2914,3053
322,322,"2011-11-18",4,1,11.2,245,3147,3392
323,323,"2011-11-19",4,1,13.5,943,2720,3663
324,324,"2011-11-20",4,2,19,787,2733,3520
325,325,"2011-11-21",4,3,18.3,220,2545,2765
326,326,"2011-11-22",4,3,17.1,69,1538,1607
327,327,"2011-11-23",4,2,18.1,112,2454,2566
328,328,"2011-11-24",4,1,15.3,560,935,1495
329,329,"2011-11-25",4,1,15.4,1095,1697,2792
330,330,"2011-11-26",4,1,15.4,1249,1819,3068
331,331,"2011-11-27",4,1,18.8,810,2261,3071
332,332,"2011-11-28",4,1,20.6,253,3614,3867
333,333,"2011-11-29",4,2,18.8,96,2818,2914
334,334,"2011-11-30",4,1,13.3,188,3425,3613
335,335,"2011-12-01",4,1,12.8,182,3545,3727
336,336,"2011-12-02",4,1,12.9,268,3672,3940
337,337,"2011-12-03",4,1,12.3,706,2908,3614
338,338,"2011-12-04",4,1,13.6,634,2851,3485
339,339,"2011-12-05",4,2,15.8,233,3578,3811
340,340,"2011-12-06",4,3,19,126,2468,2594
341,341,"2011-12-07",4,3,16.8,50,655,705
342,342,"2011-12-08",4,1,10.9,150,3172,3322
343,343,"2011-12-09",4,1,11.9,261,3359,3620
344,344,"2011-12-10",4,1,11.3,502,2688,3190
345,345,"2011-12-11",4,1,9.1,377,2366,2743
346,346,"2011-12-12",4,1,9.8,143,3167,3310
347,347,"2011-12-13",4,1,11.6,155,3368,3523
348,348,"2011-12-14",4,2,13,178,3562,3740
349,349,"2011-12-15",4,2,17.3,181,3528,3709
350,350,"2011-12-16",4,2,15.4,178,3399,3577
351,351,"2011-12-17",4,2,10.6,275,2464,2739
352,352,"2011-12-18",4,1,9.8,220,2211,2431
353,353,"2011-12-19",4,1,11.3,260,3143,3403
